id,prefecture_id,name,yomi
189,2,青森市,アオモリシ
190,2,弘前市,ヒロサキシ
191,2,八戸市,ハチノヘシ
192,2,黒石市,クロイシシ
193,2,五所川原市,ゴショガワラシ
194,2,十和田市,トワダシ
195,2,三沢市,ミサワシ
196,2,むつ市,ムツシ
197,2,つがる市,ツガルシ
198,2,平川市,ヒラカワシ
199,2,東津軽郡平内町,ヒガシツガルグンヒラナイマチ
228,2,三戸郡新郷村,サンノヘグンシンゴウムラ
229,3,盛岡市,モリオカシ
230,3,宮古市,ミヤコシ
231,3,大船渡市,オオフナトシ
232,3,花巻市,ハナマキシ
233,3,北上市,キタカミシ
234,3,久慈市,クジシ
235,3,遠野市,トオノシ
236,3,一関市,イチノセキシ
237,3,陸前高田市,リクゼンタカタシ
238,3,釜石市,カマイシシ
239,3,二戸市,ニノヘシ
240,3,八幡平市,ハチマンタイシ
241,3,奥州市,オウシュウシ
242,3,岩手郡雫石町,イワテグンシズクイシチョウ
243,3,岩手郡葛巻町,イワテグンクズマキマチ
244,3,岩手郡岩手町,イワテグンイワテマチ
245,3,滝沢市,タキザワシ
246,3,紫波郡紫波町,シワグンシワチョウ
261,3,二戸郡一戸町,ニノヘグンイチノヘマチ
262,4,仙台市青葉区,センダイシアオバク
263,4,仙台市宮城野区,センダイシミヤギノク
264,4,仙台市若林区,センダイシワカバヤシク
265,4,仙台市太白区,センダイシタイハクク
266,4,仙台市泉区,センダイシイズミク
267,4,石巻市,イシノマキシ
268,4,塩竈市,シオガマシ
269,4,気仙沼市,ケセンヌマシ
270,4,白石市,シロイシシ
271,4,名取市,ナトリシ
272,4,角田市,カクダシ
273,4,多賀城市,タガジョウシ
274,4,岩沼市,イワヌマシ
275,4,登米市,トメシ
276,4,栗原市,クリハラシ
277,4,東松島市,ヒガシマツシマシ
278,4,大崎市,オオサキシ
279,4,刈田郡蔵王町,カッタグンザオウマチ
280,4,刈田郡七ヶ宿町,カッタグンシチカシュクマチ
300,4,本吉郡南三陸町,モトヨシグンミナミサンリクチョウ
301,5,秋田市,アキタシ
302,5,能代市,ノシロシ
303,5,横手市,ヨコテシ
304,5,大館市,オオダテシ
305,5,男鹿市,オガシ
306,5,湯沢市,ユザワシ
307,5,鹿角市,カヅノシ
308,5,由利本荘市,ユリホンジョウシ
309,5,潟上市,カタガミシ
310,5,大仙市,ダイセンシ
311,5,北秋田市,キタアキタシ
312,5,にかほ市,ニカホシ
313,5,仙北市,センボクシ
314,5,鹿角郡小坂町,カヅノグンコサカマチ
315,5,北秋田郡上小阿仁村,キタアキタグンカミコアニムラ
326,6,山形市,ヤマガタシ
327,6,米沢市,ヨネザワシ
328,6,鶴岡市,ツルオカシ
329,6,酒田市,サカタシ
330,6,新庄市,シンジョウシ
331,6,寒河江市,サガエシ
332,6,上山市,カミノヤマシ
333,6,村山市,ムラヤマシ
334,6,長井市,ナガイシ
335,6,天童市,テンドウシ
336,6,東根市,ヒガシネシ
337,6,尾花沢市,オバナザワシ
338,6,南陽市,ナンヨウシ
339,6,東村山郡山辺町,ヒガシムラヤマグンヤマノベマチ
360,6,飽海郡遊佐町,アクミグンユザマチ
361,7,福島市,フクシマシ
362,7,会津若松市,アイヅワカマツシ
363,7,郡山市,コオリヤマシ
364,7,いわき市,イワキシ
365,7,白河市,シラカワシ
366,7,須賀川市,スカガワシ
367,7,喜多方市,キタカタシ
368,7,相馬市,ソウマシ
369,7,二本松市,ニホンマツシ
370,7,田村市,タムラシ
371,7,南相馬市,ミナミソウマシ
372,7,伊達市,ダテシ
373,7,本宮市,モトミヤシ
374,7,伊達郡桑折町,ダテグンコオリマチ
375,7,伊達郡国見町,ダテグンクニミマチ
420,8,水戸市,ミトシ
421,8,日立市,ヒタチシ
422,8,土浦市,ツチウラシ
423,8,古河市,コガシ
432,8,笠間市,カサマシ
433,8,取手市,トリデシ
434,8,牛久市,ウシクシ
435,8,つくば市,ツクバシ
436,8,ひたちなか市,ヒタチナカシ
437,8,鹿嶋市,カシマシ
440,8,常陸大宮市,ヒタチオオミヤシ
441,8,那珂市,ナカシ
442,8,筑西市,チクセイシ
463,8,北相馬郡利根町,キタソウマグントネマチ
464,9,宇都宮市,ウツノミヤシ
465,9,足利市,アシカガシ
466,9,栃木市,トチギシ
474,9,那須塩原市,ナスシオバラシ
475,9,さくら市,サクラシ
476,9,那須烏山市,ナスカラスヤマシ
489,9,那須郡那珂川町,ナスグンナカガワマチ
490,10,前橋市,マエバシシ
491,10,高崎市,タカサキシ
494,10,太田市,オオタシ
495,10,沼田市,ヌマタシ
496,10,館林市,タテバヤシシ
497,10,渋川市,シブカワシ
526,11,さいたま市北区,サイタマシキタク
527,11,さいたま市大宮区,サイタマシオオミヤク
528,11,さいたま市見沼区,サイタマシミヌマク
529,11,さいたま市中央区,サイタマシチュウオウク
530,11,さいたま市桜区,サイタマシサクラク
531,11,さいたま市浦和区,サイタマシウラワク
532,11,さいたま市南区,サイタマシミナミク
533,11,さいたま市緑区,サイタマシミドリク
534,11,さいたま市岩槻区,サイタマシイワツキク
535,11,川越市,カワゴエシ
536,11,熊谷市,クマガヤシ
537,11,川口市,カワグチシ
538,11,行田市,ギョウダシ
539,11,秩父市,チチブシ
540,11,所沢市,トコロザワシ
541,11,飯能市,ハンノウシ
542,11,加須市,カゾシ
543,11,本庄市,ホンジョウシ
544,11,東松山市,ヒガシマツヤマシ
546,11,狭山市,サヤマシ
547,11,羽生市,ハニュウシ
548,11,鴻巣市,コウノスシ
549,11,深谷市,フカヤシ
550,11,上尾市,アゲオシ
551,11,草加市,ソウカシ
552,11,越谷市,コシガヤシ
553,11,蕨市,ワラビシ
554,11,戸田市,トダシ
555,11,入間市,イルマシ
556,11,朝霞市,アサカシ
557,11,志木市,シキシ
569,11,鶴ヶ島市,ツルガシマシ
570,11,日高市,ヒダカシ
571,11,吉川市,ヨシカワシ
572,11,ふじみ野市,フジミノシ
573,11,白岡市,シラオカシ
574,11,北足立郡伊奈町,キタアダチグンイナマチ
598,12,千葉市中央区,チバシチュウオウク
599,12,千葉市花見川区,チバシハナミガワク
600,12,千葉市稲毛区,チバシイナゲク
601,12,千葉市若葉区,チバシワカバク
602,12,千葉市緑区,チバシミドリク
603,12,千葉市美浜区,チバシミハマク
604,12,銚子市,チョウシシ
605,12,市川市,イチカワシ
606,12,船橋市,フナバシシ
607,12,館山市,タテヤマシ
608,12,木更津市,キサラヅシ
609,12,松戸市,マツドシ
610,12,野田市,ノダシ
611,12,茂原市,モバラシ
612,12,成田市,ナリタシ
613,12,佐倉市,サクラシ
614,12,東金市,トウガネシ
615,12,旭市,アサヒシ
616,12,習志野市,ナラシノシ
617,12,柏市,カシワシ
618,12,勝浦市,カツウラシ
619,12,市原市,イチハラシ
620,12,流山市,ナガレヤマシ
621,12,八千代市,ヤチヨシ
622,12,我孫子市,アビコシ
623,12,鴨川市,カモガワシ
624,12,鎌ケ谷市,カマガヤシ
625,12,君津市,キミツシ
626,12,富津市,フッツシ
627,12,浦安市,ウラヤスシ
628,12,四街道市,ヨツカイドウシ
629,12,袖ケ浦市,ソデガウラシ
630,12,八街市,ヤチマタシ
631,12,印西市,インザイシ
632,12,白井市,シロイシ
633,12,富里市,トミサトシ
634,12,南房総市,ミナミボウソウシ
635,12,匝瑳市,ソウサシ
636,12,香取市,カトリシ
637,12,山武市,サンムシ
638,12,いすみ市,イスミシ
639,12,大網白里市,オオアミシラサトシ
640,12,印旛郡酒々井町,インバグンシスイマチ
641,12,印旛郡栄町,インバグンサカエマチ
642,12,香取郡神崎町,カトリグンコウザキマチ
643,12,香取郡多古町,カトリグンタコマチ
644,12,香取郡東庄町,カトリグントウノショウマチ
645,12,山武郡大網白里町,サンブグンオオアミシラサトマチ
646,12,山武郡九十九里町,サンブグンクジュウクリマチ
647,12,山武郡芝山町,サンブグンシバヤママチ
648,12,山武郡横芝光町,サンブグンヨコシバヒカリマチ
649,12,長生郡一宮町,チョウセイグンイチノミヤマチ
650,12,長生郡睦沢町,チョウセイグンムツザワマチ
651,12,長生郡長生村,チョウセイグンチョウセイムラ
652,12,長生郡白子町,チョウセイグンシラコマチ
653,12,長生郡長柄町,チョウセイグンナガラマチ
654,12,長生郡長南町,チョウセイグンチョウナンマチ
655,12,夷隅郡大多喜町,イスミグンオオタキマチ
656,12,夷隅郡御宿町,イスミグンオンジュクマチ
657,12,安房郡鋸南町,アワグンキョナンマチ
658,13,千代田区,チヨダク
659,13,中央区,チュウオウク
660,13,港区,ミナトク
661,13,新宿区,シンジュクク
662,13,文京区,ブンキョウク
663,13,台東区,タイトウク
664,13,墨田区,スミダク
665,13,江東区,コウトウク
666,13,品川区,シナガワク
667,13,目黒区,メグロク
668,13,大田区,オオタク
669,13,世田谷区,セタガヤク
670,13,渋谷区,シブヤク
671,13,中野区,ナカノク
672,13,杉並区,スギナミク
673,13,豊島区,トシマク
674,13,北区,キタク
675,13,荒川区,アラカワク
676,13,板橋区,イタバシク
677,13,練馬区,ネリマク
678,13,足立区,アダチク
679,13,葛飾区,カツシカク
680,13,江戸川区,エドガワク
681,13,八王子市,ハチオウジシ
682,13,立川市,タチカワシ
683,13,武蔵野市,ムサシノシ
684,13,三鷹市,ミタカシ
685,13,青梅市,オウメシ
686,13,府中市,フチュウシ
687,13,昭島市,アキシマシ
688,13,調布市,チョウフシ
689,13,町田市,マチダシ
690,13,小金井市,コガネイシ
691,13,小平市,コダイラシ
692,13,日野市,ヒノシ
693,13,東村山市,ヒガシムラヤマシ
694,13,国分寺市,コクブンジシ
695,13,国立市,クニタチシ
696,13,福生市,フッサシ
697,13,狛江市,コマエシ
698,13,東大和市,ヒガシヤマトシ
699,13,清瀬市,キヨセシ
700,13,東久留米市,ヒガシクルメシ
701,13,武蔵村山市,ムサシムラヤマシ
702,13,多摩市,タマシ
703,13,稲城市,イナギシ
704,13,羽村市,ハムラシ
705,13,あきる野市,アキルノシ
706,13,西東京市,ニシトウキョウシ
707,13,西多摩郡瑞穂町,ニシタマグンミズホマチ
708,13,西多摩郡日の出町,ニシタマグンヒノデマチ
709,13,西多摩郡檜原村,ニシタマグンヒノハラムラ
710,13,西多摩郡奥多摩町,ニシタマグンオクタママチ
711,13,大島町,オオシママチ
712,13,利島村,トシマムラ
713,13,新島村,ニイジマムラ
714,13,神津島村,コウヅシマムラ
715,13,三宅島三宅村,ミヤケジマミヤケムラ
716,13,御蔵島村,ミクラジマムラ
717,13,八丈島八丈町,ハチジョウジマハチジョウマチ
718,13,青ヶ島村,アオガシマムラ
719,13,小笠原村,オガサワラムラ
720,14,横浜市鶴見区,ヨコハマシツルミク
721,14,横浜市神奈川区,ヨコハマシカナガワク
722,14,横浜市西区,ヨコハマシニシク
723,14,横浜市中区,ヨコハマシナカク
724,14,横浜市南区,ヨコハマシミナミク
725,14,横浜市保土ケ谷区,ヨコハマシホドガヤク
726,14,横浜市磯子区,ヨコハマシイソゴク
727,14,横浜市金沢区,ヨコハマシカナザワク
728,14,横浜市港北区,ヨコハマシコウホクク
729,14,横浜市戸塚区,ヨコハマシトツカク
730,14,横浜市港南区,ヨコハマシコウナンク
731,14,横浜市旭区,ヨコハマシアサヒク
732,14,横浜市緑区,ヨコハマシミドリク
733,14,横浜市瀬谷区,ヨコハマシセヤク
734,14,横浜市栄区,ヨコハマシサカエク
735,14,横浜市泉区,ヨコハマシイズミク
736,14,横浜市青葉区,ヨコハマシアオバク
737,14,横浜市都筑区,ヨコハマシツヅキク
738,14,川崎市川崎区,カワサキシカワサキク
739,14,川崎市幸区,カワサキシサイワイク
740,14,川崎市中原区,カワサキシナカハラク
741,14,川崎市高津区,カワサキシタカツク
742,14,川崎市多摩区,カワサキシタマク
743,14,川崎市宮前区,カワサキシミヤマエク
744,14,川崎市麻生区,カワサキシアサオク
745,14,相模原市緑区,サガミハラシミドリク
746,14,相模原市中央区,サガミハラシチュウオウク
747,14,相模原市南区,サガミハラシミナミク
748,14,横須賀市,ヨコスカシ
749,14,平塚市,ヒラツカシ
750,14,鎌倉市,カマクラシ
751,14,藤沢市,フジサワシ
752,14,小田原市,オダワラシ
753,14,茅ヶ崎市,チガサキシ
754,14,逗子市,ズシシ
755,14,三浦市,ミウラシ
756,14,秦野市,ハダノシ
757,14,厚木市,アツギシ
758,14,大和市,ヤマトシ
759,14,伊勢原市,イセハラシ
760,14,海老名市,エビナシ
761,14,座間市,ザマシ
762,14,南足柄市,ミナミアシガラシ
763,14,綾瀬市,アヤセシ
764,14,三浦郡葉山町,ミウラグンハヤママチ
765,14,高座郡寒川町,コウザグンサムカワマチ
766,14,中郡大磯町,ナカグンオオイソマチ
767,14,中郡二宮町,ナカグンニノミヤマチ
768,14,足柄上郡中井町,アシガラカミグンナカイマチ
769,14,足柄上郡大井町,アシガラカミグンオオイマチ
770,14,足柄上郡松田町,アシガラカミグンマツダマチ
771,14,足柄上郡山北町,アシガラカミグンヤマキタマチ
772,14,足柄上郡開成町,アシガラカミグンカイセイマチ
773,14,足柄下郡箱根町,アシガラシモグンハコネマチ
774,14,足柄下郡真鶴町,アシガラシモグンマナヅルマチ
775,14,足柄下郡湯河原町,アシガラシモグンユガワラマチ
776,14,愛甲郡愛川町,アイコウグンアイカワマチ
777,14,愛甲郡清川村,アイコウグンキヨカワムラ
778,15,新潟市北区,ニイガタシキタク
779,15,新潟市東区,ニイガタシヒガシク
780,15,新潟市中央区,ニイガタシチュウオウク
781,15,新潟市江南区,ニイガタシコウナンク
782,15,新潟市秋葉区,ニイガタシアキハク
783,15,新潟市南区,ニイガタシミナミク
784,15,新潟市西区,ニイガタシニシク
785,15,新潟市西蒲区,ニイガタシニシカンク
786,15,長岡市,ナガオカシ
787,15,三条市,サンジョウシ
788,15,柏崎市,カシワザキシ
794,15,村上市,ムラカミシ
795,15,燕市,ツバメシ
796,15,糸魚川市,イトイガワシ
802,15,魚沼市,ウオヌマシ
803,15,南魚沼市,ミナミウオヌマシ
804,15,胎内市,タイナイシ
814,15,岩船郡粟島浦村,イワフネグンアワシマウラムラ
815,16,富山市,トヤマシ
816,16,高岡市,タカオカシ
817,16,魚津市,ウオヅシ
822,16,小矢部市,オヤベシ
823,16,南砺市,ナントシ
824,16,射水市,イミズシ
825,16,中新川郡舟橋村,ナカニイカワグンフナハシムラ
829,16,下新川郡朝日町,シモニイカワグンアサヒマチ
830,17,金沢市,カナザワシ
831,17,七尾市,ナナオシ
832,17,小松市,コマツシ
833,17,輪島市,ワジマシ
834,17,珠洲市,スズシ
835,17,加賀市,カガシ
836,17,羽咋市,ハクイシ
837,17,かほく市,カホクシ
838,17,白山市,ハクサンシ
848,17,鳳珠郡能登町,ホウスグンノトチョウ
849,18,福井市,フクイシ
850,18,敦賀市,ツルガシ
893,20,長野市,ナガノシ
894,20,松本市,マツモトシ
895,20,上田市,ウエダシ
896,20,岡谷市,オカヤシ
897,20,飯田市,イイダシ
898,20,諏訪市,スワシ
899,20,須坂市,スザカシ
900,20,小諸市,コモロシ
901,20,伊那市,イナシ
902,20,駒ヶ根市,コマガネシ
907,20,塩尻市,シオジリシ
908,20,佐久市,サクシ
909,20,千曲市,チクマシ
910,20,東御市,トウミシ
911,20,安曇野市,アヅミノシ
969,20,下水内郡栄村,シモミノチグンサカエムラ
970,21,岐阜市,ギフシ
971,21,大垣市,オオガキシ
972,21,高山市,タカヤマシ
973,21,多治見市,タジミシ
974,21,関市,セキシ
975,21,中津川市,ナカツガワシ
977,21,瑞浪市,ミズナミシ
978,21,羽島市,ハシマシ
979,21,恵那市,エナシ
980,21,美濃加茂市,ミノカモシ
981,21,土岐市,トキシ
982,21,各務原市,カカミガハラシ
983,21,可児市,カニシ
984,21,山県市,ヤマガタシ
985,21,瑞穂市,ミズホシ
1012,22,静岡市葵区,シズオカシアオイク
1013,22,静岡市駿河区,シズオカシスルガク
1014,22,静岡市清水区,シズオカシシミズク
1021,22,浜松市天竜区,ハママツシテンリュウク
1022,22,沼津市,ヌマヅシ
1023,22,熱海市,アタミシ
1024,22,三島市,ミシマシ
1025,22,富士宮市,フジノミヤシ
1026,22,伊東市,イトウシ
1027,22,島田市,シマダシ
1054,22,周智郡森町,シュウチグンモリマチ
1055,23,名古屋市千種区,ナゴヤシチクサク
1056,23,名古屋市東区,ナゴヤシヒガシク
1057,23,名古屋市北区,ナゴヤシキタク
1058,23,名古屋市西区,ナゴヤシニシク
1059,23,名古屋市中村区,ナゴヤシナカムラク
1060,23,名古屋市中区,ナゴヤシナカク
1061,23,名古屋市昭和区,ナゴヤシショウワク
1062,23,名古屋市瑞穂区,ナゴヤシミズホク
1063,23,名古屋市熱田区,ナゴヤシアツタク
1064,23,名古屋市中川区,ナゴヤシナカガワク
1065,23,名古屋市港区,ナゴヤシミナトク
1066,23,名古屋市南区,ナゴヤシミナミク
1067,23,名古屋市守山区,ナゴヤシモリヤマク
1068,23,名古屋市緑区,ナゴヤシミドリク
1069,23,名古屋市名東区,ナゴヤシメイトウク
1070,23,名古屋市天白区,ナゴヤシテンパクク
1071,23,豊橋市,トヨハシシ
1072,23,岡崎市,オカザキシ
1073,23,一宮市,イチノミヤシ
1074,23,瀬戸市,セトシ
1075,23,半田市,ハンダシ
1076,23,春日井市,カスガイシ
1077,23,豊川市,トヨカワシ
1078,23,津島市,ツシマシ
1079,23,碧南市,ヘキナンシ
1080,23,刈谷市,カリヤシ
1081,23,豊田市,トヨタシ
1082,23,安城市,アンジョウシ
1083,23,西尾市,ニシオシ
1084,23,蒲郡市,ガマゴオリシ
1085,23,犬山市,イヌヤマシ
1086,23,常滑市,トコナメシ
1087,23,江南市,コウナンシ
1088,23,小牧市,コマキシ
1089,23,稲沢市,イナザワシ
1090,23,新城市,シンシロシ
1091,23,東海市,トウカイシ
1092,23,大府市,オオブシ
1093,23,知多市,チタシ
1094,23,知立市,チリュウシ
1095,23,尾張旭市,オワリアサヒシ
1096,23,高浜市,タカハマシ
1097,23,岩倉市,イワクラシ
1098,23,豊明市,トヨアケシ
1099,23,日進市,ニッシンシ
1100,23,田原市,タハラシ
1101,23,愛西市,アイサイシ
1102,23,清須市,キヨスシ
1103,23,北名古屋市,キタナゴヤシ
1104,23,弥富市,ヤトミシ
1105,23,みよし市,ミヨシシ
1106,23,あま市,アマシ
1107,23,長久手市,ナガクテシ
1108,23,愛知郡東郷町,アイチグントウゴウチョウ
1127,24,松阪市,マツサカシ
1128,24,桑名市,クワナシ
1129,24,鈴鹿市,スズカシ
1130,24,名張市,ナバリシ
1152,24,南牟婁郡紀宝町,ミナミムログンキホウチョウ
1153,25,大津市,オオツシ
1154,25,彦根市,ヒコネシ
1155,25,長浜市,ナガハマシ
1172,26,京都市北区,キョウトシキタク
1173,26,京都市上京区,キョウトシカミギョウク
1174,26,京都市左京区,キョウトシサキョウク
1175,26,京都市中京区,キョウトシナカギョウク
1176,26,京都市東山区,キョウトシヒガシヤマク
1177,26,京都市下京区,キョウトシシモギョウク
1178,26,京都市南区,キョウトシミナミク
1179,26,京都市右京区,キョウトシウキョウク
1180,26,京都市伏見区,キョウトシフシミク
1181,26,京都市山科区,キョウトシヤマシナク
1182,26,京都市西京区,キョウトシニシキョウク
1183,26,福知山市,フクチヤマシ
1184,26,舞鶴市,マイヅルシ
1185,26,綾部市,アヤベシ
1186,26,宇治市,ウジシ
1187,26,宮津市,ミヤヅシ
1188,26,亀岡市,カメオカシ
1189,26,城陽市,ジョウヨウシ
1190,26,向日市,ムコウシ
1191,26,長岡京市,ナガオカキョウシ
1192,26,八幡市,ヤワタシ
1193,26,京田辺市,キョウタナベシ
1194,26,京丹後市,キョウタンゴシ
1195,26,南丹市,ナンタンシ
1196,26,木津川市,キヅガワシ
1197,26,乙訓郡大山崎町,オトクニグンオオヤマザキチョウ
1198,26,久世郡久御山町,クセグンクミヤマチョウ
1209,27,大阪市福島区,オオサカシフクシマク
1210,27,大阪市此花区,オオサカシコノハナク
1211,27,大阪市西区,オオサカシニシク
1212,27,大阪市港区,オオサカシミナトク
1213,27,大阪市大正区,オオサカシタイショウク
1214,27,大阪市天王寺区,オオサカシテンノウジク
1215,27,大阪市浪速区,オオサカシナニワク
1216,27,大阪市西淀川区,オオサカシニシヨドガワク
1217,27,大阪市東淀川区,オオサカシヒガシヨドガワク
1218,27,大阪市東成区,オオサカシヒガシナリク
1219,27,大阪市生野区,オオサカシイクノク
1220,27,大阪市旭区,オオサカシアサヒク
1221,27,大阪市城東区,オオサカシジョウトウク
1223,27,大阪市住吉区,オオサカシスミヨシク
1224,27,大阪市東住吉区,オオサカシヒガシスミヨシク
1225,27,大阪市西成区,オオサカシニシナリク
1227,27,大阪市鶴見区,オオサカシツルミク
1228,27,大阪市住之江区,オオサカシスミノエク
1229,27,大阪市平野区,オオサカシヒラノク
1230,27,大阪市北区,オオサカシキタク
1231,27,大阪市中央区,オオサカシチュウオウク
1232,27,堺市堺区,サカイシサカイク
1233,27,堺市中区,サカイシナカク
1234,27,堺市東区,サカイシヒガシク
1235,27,堺市西区,サカイシニシク
1236,27,堺市南区,サカイシミナミク
1237,27,堺市北区,サカイシキタク
1239,27,岸和田市,キシワダシ
1240,27,豊中市,トヨナカシ
1241,27,池田市,イケダシ
1242,27,吹田市,スイタシ
1243,27,泉大津市,イズミオオツシ
1244,27,高槻市,タカツキシ
1245,27,貝塚市,カイヅカシ
1246,27,守口市,モリグチシ
1247,27,枚方市,ヒラカタシ
1248,27,茨木市,イバラキシ
1249,27,八尾市,ヤオシ
1250,27,泉佐野市,イズミサノシ
1251,27,富田林市,トンダバヤシシ
1252,27,寝屋川市,ネヤガワシ
1255,27,大東市,ダイトウシ
1256,27,和泉市,イズミシ
1257,27,箕面市,ミノオシ
1258,27,柏原市,カシワラシ
1259,27,羽曳野市,ハビキノシ
1260,27,門真市,カドマシ
1261,27,摂津市,セッツシ
1262,27,高石市,タカイシシ
1263,27,藤井寺市,フジイデラシ
1264,27,東大阪市,ヒガシオオサカシ
1265,27,泉南市,センナンシ
1266,27,四條畷市,シジョウナワテシ
1267,27,交野市,カタノシ
1268,27,大阪狭山市,オオサカサヤマシ
1269,27,阪南市,ハンナンシ
1270,27,三島郡島本町,ミシマグンシマモトチョウ
1328,28,美方郡新温泉町,ミカタグンシンオンセンチョウ
1329,29,奈良市,ナラシ
1330,29,大和高田市,ヤマトタカダシ
1331,29,大和郡山市,ヤマトコオリヤマシ
1337,29,生駒市,イコマシ
1338,29,香芝市,カシバシ
1339,29,葛城市,カツラギシ
1367,29,吉野郡東吉野村,ヨシノグンヒガシヨシノムラ
1368,30,和歌山市,ワカヤマシ
1369,30,海南市,カイナンシ
1370,30,橋本市,ハシモトシ
1397,30,東牟婁郡串本町,ヒガシムログンクシモトチョウ
1398,31,鳥取市,トットリシ
1399,31,米子市,ヨナゴシ
1400,31,倉吉市,クラヨシシ
1416,31,日野郡江府町,ヒノグンコウフチョウ
1417,32,松江市,マツエシ
1418,32,浜田市,ハマダシ
1419,32,出雲市,イズモシ
1420,32,益田市,マスダシ
1421,32,大田市,オオダシ
1422,32,安来市,ヤスギシ
1423,32,江津市,ゴウツシ
1424,32,雲南市,ウンナンシ
1425,32,仁多郡奥出雲町,ニタグンオクイズモチョウ
1426,32,飯石郡飯南町,イイシグンイイナンチョウ
1435,32,隠岐郡隠岐の島町,オキグンオキノシマチョウ
1436,33,岡山市北区,オカヤマシキタク
1437,33,岡山市中区,オカヤマシナカク
1438,33,岡山市東区,オカヤマシヒガシク
1466,34,広島市中区,ヒロシマシナカク
1467,34,広島市東区,ヒロシマシヒガシク
1468,34,広島市南区,ヒロシマシミナミク
1469,34,広島市西区,ヒロシマシニシク
1470,34,広島市安佐南区,ヒロシマシアサミナミク
1471,34,広島市安佐北区,ヒロシマシアサキタク
1472,34,広島市安芸区,ヒロシマシアキク
1473,34,広島市佐伯区,ヒロシマシサエキク
1474,34,呉市,クレシ
1475,34,竹原市,タケハラシ
1476,34,三原市,ミハラシ
1477,34,尾道市,オノミチシ
1478,34,福山市,フクヤマシ
1479,34,府中市,フチュウシ
1485,34,安芸高田市,アキタカタシ
1486,34,江田島市,エタジマシ
1487,34,安芸郡府中町,アキグンフチュウチョウ
1495,34,神石郡神石高原町,ジンセキグンジンセキコウゲンチョウ
1496,35,下関市,シモノセキシ
1497,35,宇部市,ウベシ
1498,35,山口市,ヤマグチシ
1499,35,萩市,ハギシ
1500,35,防府市,ホウフシ
1501,35,下松市,クダマツシ
1502,35,岩国市,イワクニシ
1503,35,光市,ヒカリシ
1504,35,長門市,ナガトシ
1505,35,柳井市,ヤナイシ
1506,35,美祢市,ミネシ
1507,35,周南市,シュウナンシ
1508,35,山陽小野田市,サンヨウオノダシ
1509,35,大島郡周防大島町,オオシマグンスオウオオシマチョウ
1514,35,阿武郡阿武町,アブグンアブチョウ
1515,36,徳島市,トクシマシ
1516,36,鳴門市,ナルトシ
1517,36,小松島市,コマツシマシ
1518,36,阿南市,アナンシ
1519,36,吉野川市,ヨシノガワシ
1520,36,阿波市,アワシ
1521,36,美馬市,ミマシ
1522,36,三好市,ミヨシシ
1523,36,勝浦郡勝浦町,カツウラグンカツウラチョウ
1538,36,三好郡東みよし町,ミヨシグンヒガシミヨシチョウ
1539,37,高松市,タカマツシ
1540,37,丸亀市,マルガメシ
1556,38,松山市,マツヤマシ
1557,38,今治市,イマバリシ
1558,38,宇和島市,ウワジマシ
1559,38,八幡浜市,ヤワタハマシ
1563,38,伊予市,イヨシ
1564,38,四国中央市,シコクチュウオウシ
1565,38,西予市,セイヨシ
1566,38,東温市,トウオンシ
1580,39,土佐市,トサシ
1581,39,須崎市,スサキシ
1582,39,宿毛市,スクモシ
1585,39,香南市,コウナンシ
1586,39,香美市,カミシ
1587,39,安芸郡東洋町,アキグントウヨウチョウ
1681,40,築上郡築上町,チクジョウグンチクジョウマチ
1682,41,佐賀市,サガシ
1683,41,唐津市,カラツシ
1684,41,鳥栖市,トスシ
1685,41,多久市,タクシ
1686,41,伊万里市,イマリシ
1687,41,武雄市,タケオシ
1688,41,鹿島市,カシマシ
1689,41,小城市,オギシ
1690,41,嬉野市,ウレシノシ
1691,41,神埼市,カンザキシ
1692,41,神埼郡吉野ヶ里町,カンザキグンヨシノガリチョウ
1701,41,藤津郡太良町,フジツグンタラチョウ
1702,42,長崎市,ナガサキシ
1703,42,佐世保市,サセボシ
1722,42,南松浦郡新上五島町,ミナミマツウラグンシンカミゴトウチョウ
1723,43,熊本市中央区,クマモトシチュウオウク
1724,43,熊本市東区,クマモトシヒガシク
1725,43,熊本市西区,クマモトシニシク
1726,43,熊本市南区,クマモトシミナミク
1727,43,熊本市北区,クマモトシキタク
1728,43,八代市,ヤツシロシ
1729,43,人吉市,ヒトヨシシ
1771,43,天草郡苓北町,アマクサグンレイホクマチ
1772,44,大分市,オオイタシ
1773,44,別府市,ベップシ
1774,44,中津市,ナカツシ
1775,44,日田市,ヒタシ
1776,44,佐伯市,サイキシ
1777,44,臼杵市,ウスキシ
1778,44,津久見市,ツクミシ
1779,44,竹田市,タケタシ
1781,44,杵築市,キツキシ
1782,44,宇佐市,ウサシ
1783,44,豊後大野市,ブンゴオオノシ
1784,44,由布市,ユフシ
1789,44,玖珠郡玖珠町,クスグンクスマチ
1790,45,宮崎市,ミヤザキシ
1791,45,都城市,ミヤコノジョウシ
1794,45,小林市,コバヤシシ
1795,45,日向市,ヒュウガシ
1796,45,串間市,クシマシ
1797,45,西都市,サイトシ
1798,45,えびの市,エビノシ
1826,46,曽於市,ソオシ
1827,46,霧島市,キリシマシ
1828,46,いちき串木野市,イチキクシキノシ
1829,46,南さつま市,ミナミサツマシ
1859,47,那覇市,ナハシ
1860,47,宜野湾市,ギノワンシ
1861,47,石垣市,イシガキシ
1862,47,浦添市,ウラソエシ
1863,47,名護市,ナゴシ
1864,47,糸満市,イトマンシ
1865,47,沖縄市,オキナワシ
1866,47,豊見城市,トミグスクシ
1897,47,宮古郡多良間村,ミヤコグンタラマソン
1898,47,八重山郡竹富町,ヤエヤマグンタケトミチョウ
1899,47,八重山郡与那国町,ヤエヤマグンヨナグニチョウ